	Oke_RS27-81	Oke_NUPR1-70	Oke_U2019-112	Oke_U2020-51	Oke_ATP5L-105	Oke_ATP5L-248	Oke_U2023-99	Oke_U2024-93	Oke_ROA1-209	Oke_gdh1-62	Oke_azin1-90	Oke_glrx1-78	Oke_U2026-64	Oke_lactb2-71	Oke_RPN1-80	Oke_U2016-118	Oke_CATB-60	Oke_RS27-94	Oke_TCTA-99	Oke_TCTA-202	Oke_cjo57-86	Oke_MLRN-63	Oke_METK2-97	Oke_U2029-79	Oke_DCXR-87	Oke_U2031-37	Oke_lamp2-138	Oke_psmd9-57	Oke_psmd9-188	Oke_U2032-74	Oke_ACOT-100	Oke_XBP1-82	Oke_U2034-55	Oke_U2035-54	Oke_f5-71	Oke_CKS1-70	Oke_CD81-108	Oke_U2037-76	Oke_U2038-32	Oke_CTR2-82	Oke_ndub3-58	Oke_U2040-77	Oke_GNMT-100	Oke_slc1a3a-86	Oke_pnrc2-78	Oke_FBXL5-61	Oke_U2041-84	Oke_U2042-61	Oke_pgap-92	Oke_pgap-111	Oke_U2043-51	Oke_U2022-101	Oke_e2ig5-50	Oke_U2045-43	Oke_GnRH-527	Oke_CO1A1-72	Oke_U2047-49	Oke_U2048-91	Oke_U2049-99	Oke_U2050-101	Oke_CKS1-94	Oke_NHERF-54	Oke_NHERF-123	Oke_rab5a-117	Oke_col1a2-62	Oke_U2052-56	Oke_FANK1-166	Oke_U2053-60	Oke_U2054-58	Oke_U2056-90	Oke_brd2-118	Oke_brp16-65	Oke_RSPRY1-106	Oke_u0602-244	Oke_ccd16-77	Oke_GHII-2943	Oke_U1008-83	Oke_U305-130	Oke_U1010-251	Oke_U305-307	Oke_U1015-255	Oke_U1016-154	Oke_U1017-52	Oke_U1018-50	Oke_U1019-218	Oke_U1020-75	Oke_U1021-102	Oke_U1031-132	Oke_U1022-139	Oke_U1023-147	Oke_U1024-113	Oke_U1025-135	Oke_U1027-89	Oke_U1028-100	Oke_UBA3-245	Oke_uqcrfs-69
CMUW10X09H_0001	YY	XX	XX	XX	YY	XX	XX	XX	XX	YY	XX	YY	XX	YY	YY	No Call	XX	YY	YY	XX	XX	XX	YY	YY	YY	XX	XX	YY	YY	XX	XX	No Call	XX	No Call	XX	XX	XX	XX	XX	YY	XX	YY	YY	XX	YY	YY	YY	YY	YY	YY	XX	XX	XX	YY	XX	YY	YY	YY	YY	XX	YY	XX	YY	YY	XX	XX	XX	YY	XX	No Call	YY	YY	YY	YY	No Call	XX	YY	YY	YY	XX	YY	YY	XX	XX	XX	YY	No Call	XX	YY	YY	XX	XX	XX	XX	XX	XX
CMUW10X09H_0009	YY	XX	XX	XX	YY	XX	XX	XX	XX	YY	XX	YY	XX	YY	YY	No Call	XX	YY	XX	YY	YY	YY	YY	YY	YY	XX	XX	XX	YY	XX	XX	No Call	XX	No Call	YY	YY	XX	XX	XX	XX	XX	YY	YY	XX	YY	YY	YY	YY	YY	YY	XX	XX	YY	YY	XX	YY	YY	YY	YY	XX	YY	YY	XX	YY	XX	XX	XX	YY	XX	No Call	YY	YY	YY	YY	No Call	XX	YY	XX	YY	XX	YY	XX	XX	XX	XX	YY	No Call	XX	YY	YY	XX	XX	XX	XX	XX	XX
CMUW10X09H_0017	YY	XX	XX	XX	XX	YY	XX	XX	XX	YY	XX	YY	XX	YY	YY	No Call	XX	YY	YY	XX	XX	YY	YY	YY	YY	XX	XX	XX	YY	XX	XX	No Call	XX	No Call	YY	YY	XX	XX	XX	XX	XX	YY	YY	XX	YY	YY	YY	YY	YY	YY	XX	XX	XX	YY	XX	YY	YY	YY	YY	XX	XX	XX	YY	YY	XX	YY	XX	YY	XX	No Call	YY	YY	YY	YY	No Call	XX	YY	YY	YY	XX	YY	XX	XX	XX	XX	YY	No Call	XX	YY	XX	XX	XX	YY	XX	XX	XX
CMUW10X09H_0025	YY	XX	YY	XX	XX	YY	XX	XX	XX	YY	XX	YY	YY	YY	YY	No Call	XX	YY	YY	XX	XX	XX	YY	YY	YY	XX	XX	XX	YY	YY	XX	No Call	XX	No Call	YY	YY	XX	XX	XX	XX	XX	YY	YY	XX	XX	YY	YY	YY	YY	YY	XX	XX	YY	YY	XX	YY	YY	YY	YY	XX	XX	YY	XX	YY	XX	YY	XX	YY	XX	No Call	YY	YY	YY	YY	No Call	XX	YY	YY	YY	XX	YY	XX	XX	XX	XX	YY	No Call	XX	YY	XX	XX	XX	XX	XX	XX	XX
CMUW10X09H_0033	YY	XX	XX	XX	YY	No Call	XX	XX	XX	YY	XX	YY	YX	YY	YY	No Call	XX	YX	XX	YX	XX	YY	YX	YX	YY	No Call	XX	XX	YY	XX	XX	No Call	XX	No Call	XX	YY	XX	XX	XX	YX	XX	YX	YX	XX	YX	YY	YY	YY	YY	YY	XX	XX	XX	YY	XX	YY	YY	YY	YY	XX	YY	XX	YY	YY	XX	YY	XX	YX	XX	No Call	YY	YX	YY	YY	No Call	XX	YY	YY	YY	XX	YY	XX	YX	XX	XX	YY	No Call	XX	YX	YY	XX	XX	XX	XX	XX	XX
CMUW10X09H_0041	YY	XX	YX	YX	YX	YX	XX	YX	XX	YY	XX	YY	XX	YX	YY	No Call	XX	YY	YX	YX	YX	YX	YX	YY	YY	XX	XX	YX	YX	YY	XX	No Call	XX	No Call	YY	XX	XX	XX	XX	YY	XX	YY	YY	XX	YX	YY	YY	YY	YY	YY	XX	XX	XX	YY	XX	YY	YX	YY	YY	XX	YX	YX	YY	YX	XX	YX	XX	YY	XX	No Call	YY	YY	YY	YX	No Call	XX	YX	YY	YX	XX	YY	YY	XX	XX	XX	YY	No Call	XX	YY	YY	XX	XX	YY	XX	YX	XX
CMUW10X09H_0049	YY	XX	XX	XX	XX	YY	XX	XX	XX	YY	XX	YY	XX	YY	YY	No Call	XX	YY	YY	XX	YY	YY	YY	YY	YY	XX	XX	YY	YY	XX	XX	No Call	XX	No Call	XX	XX	XX	XX	XX	YY	XX	YY	XX	XX	XX	YY	YY	YY	YY	YY	XX	XX	YY	YY	XX	YY	YY	YY	YY	XX	YY	YY	XX	YY	XX	YY	XX	YY	XX	No Call	YY	YY	YY	YY	No Call	XX	YY	YY	YY	XX	YY	YY	XX	XX	XX	YY	No Call	XX	YY	XX	XX	XX	XX	XX	XX	XX
CMUW10X09H_0057	YY	XX	YY	XX	YY	XX	XX	XX	XX	YY	XX	YY	YY	YY	YY	No Call	XX	YY	XX	YY	XX	XX	YY	YY	YY	XX	XX	YY	YY	YY	XX	No Call	XX	No Call	XX	XX	XX	XX	XX	XX	XX	YY	YY	XX	YY	YY	YY	YY	YY	YY	XX	XX	XX	YY	XX	YY	YY	YY	YY	XX	XX	XX	YY	YY	XX	XX	XX	YY	XX	No Call	YY	YY	YY	YY	No Call	XX	YY	YY	YY	XX	YY	XX	XX	XX	XX	YY	No Call	XX	YY	XX	XX	XX	XX	XX	XX	XX
CMUW10X09H_0065	YY	XX	XX	XX	YY	XX	XX	XX	XX	YY	XX	YY	YY	YY	YY	No Call	XX	YY	XX	YY	YY	YY	YY	YY	YY	XX	XX	XX	YY	YY	XX	No Call	XX	No Call	XX	XX	XX	XX	XX	XX	XX	YY	YY	XX	XX	YY	YY	YY	YY	YY	XX	XX	XX	YY	XX	YY	YY	YY	YY	XX	YY	XX	YY	YY	XX	XX	XX	YY	XX	No Call	YY	YY	YY	YY	No Call	XX	YY	YY	YY	XX	YY	XX	XX	XX	XX	YY	No Call	XX	YY	YY	XX	XX	XX	XX	XX	XX
CMUW10X09H_0073	YY	XX	XX	XX	XX	YY	XX	XX	XX	YY	XX	YY	XX	YY	YY	No Call	XX	YY	YY	XX	XX	XX	YY	YY	YY	XX	XX	YY	YY	YY	XX	No Call	XX	No Call	YY	XX	XX	XX	XX	XX	XX	YY	YY	XX	XX	YY	YY	YY	YY	YY	XX	XX	YY	YY	XX	YY	YY	YY	YY	XX	XX	YY	XX	YY	XX	XX	XX	YY	XX	No Call	YY	YY	YY	YY	No Call	XX	YY	XX	YY	XX	YY	YY	XX	XX	XX	YY	No Call	XX	YY	YY	XX	XX	YY	XX	XX	XX
CMUW10X09H_0081	YY	XX	XX	XX	XX	YY	XX	XX	XX	YY	XX	YY	YY	YY	YY	No Call	XX	YY	YY	XX	YY	YY	YY	YY	YY	XX	XX	XX	YY	YY	XX	No Call	XX	No Call	XX	YY	XX	XX	XX	XX	XX	YY	XX	XX	YY	YY	YY	YY	YY	YY	XX	XX	YY	YY	XX	YY	YY	YY	YY	XX	YY	YY	XX	YY	XX	XX	XX	YY	XX	No Call	YY	YY	YY	YY	No Call	XX	YY	XX	YY	XX	YY	XX	XX	XX	XX	YY	No Call	XX	YY	XX	XX	XX	XX	XX	XX	XX
CMUW10X09H_0089	YY	XX	YY	XX	YY	XX	XX	XX	XX	YY	XX	YY	XX	YY	YY	No Call	XX	YY	XX	YY	YY	YY	YY	YY	YY	XX	XX	XX	YY	YY	XX	No Call	XX	No Call	YY	XX	XX	XX	XX	XX	XX	YY	YY	XX	XX	YY	YY	YY	YY	YY	XX	XX	XX	YY	XX	YY	YY	YY	YY	XX	YY	XX	YY	YY	XX	YY	XX	YY	XX	No Call	YY	YY	YY	YY	No Call	XX	YY	XX	YY	XX	YY	YY	XX	XX	XX	YY	No Call	XX	YY	YY	XX	XX	XX	XX	XX	XX
CMUW10X09H_0002	YY	XX	YY	XX	XX	YY	XX	XX	XX	YY	XX	YY	XX	YY	YY	No Call	XX	YY	XX	YY	XX	YY	YY	YY	YY	XX	XX	YY	YY	YY	XX	No Call	XX	No Call	XX	YY	XX	XX	XX	XX	XX	YY	YY	XX	YY	YY	YY	YY	YY	YY	XX	XX	YY	YY	XX	YY	YY	YY	YY	XX	YY	YY	XX	YY	XX	XX	XX	YY	XX	No Call	YY	YY	YY	YY	No Call	XX	YY	XX	YY	XX	YY	XX	XX	XX	XX	YY	No Call	XX	YY	XX	XX	XX	XX	XX	XX	XX
CMUW10X09H_0010	YY	XX	XX	XX	XX	YY	XX	XX	XX	YY	XX	YY	YY	YY	YY	No Call	XX	YY	YY	XX	XX	YY	YY	YY	YY	XX	XX	YY	YY	YY	XX	No Call	XX	No Call	YY	XX	XX	XX	XX	YY	XX	YY	YY	XX	YY	YY	YY	YY	YY	YY	XX	XX	YY	YY	XX	YY	YY	YY	YY	XX	XX	YY	XX	YY	XX	XX	XX	YY	XX	No Call	YY	YY	YY	YY	No Call	XX	YY	YY	YY	XX	YY	YY	XX	XX	XX	YY	No Call	XX	YY	XX	XX	XX	XX	XX	XX	XX
CMUW10X09H_0018	YY	XX	YY	XX	XX	YY	XX	XX	XX	YY	XX	YY	YY	YY	YY	No Call	XX	YY	XX	YY	YY	XX	YY	YY	YY	XX	XX	YY	YY	XX	XX	No Call	XX	No Call	YY	XX	XX	XX	XX	XX	XX	YY	XX	XX	YY	YY	YY	YY	YY	YY	XX	XX	YY	YY	XX	YY	YY	YY	YY	XX	XX	YY	XX	YY	XX	YY	XX	YY	XX	No Call	YY	YY	YY	YY	No Call	XX	YY	YY	YY	XX	YY	XX	XX	XX	XX	YY	No Call	XX	YY	YY	XX	XX	YY	XX	XX	XX
CMUW10X09H_0026	YY	XX	XX	XX	YY	XX	XX	XX	XX	YY	XX	YY	XX	YY	YY	No Call	XX	YY	YY	XX	XX	YY	YY	YY	YY	XX	XX	YY	YY	YY	XX	No Call	XX	No Call	XX	XX	XX	XX	XX	YY	XX	YY	YY	XX	XX	YY	YY	YY	YY	YY	XX	XX	XX	YY	XX	YY	YY	YY	YY	XX	YY	XX	YY	YY	XX	XX	XX	YY	XX	No Call	YY	YY	YY	YY	No Call	XX	YY	YY	YY	XX	YY	XX	XX	XX	XX	YY	No Call	XX	YY	XX	XX	XX	XX	XX	XX	XX
CMUW10X09H_0034	YY	XX	YY	XX	XX	YY	XX	XX	XX	YY	XX	YY	YY	YY	YY	No Call	XX	YY	YY	XX	YY	YY	YY	YY	YY	XX	XX	XX	YY	XX	XX	No Call	XX	No Call	YY	YY	XX	XX	XX	XX	XX	YY	YY	XX	XX	YY	YY	YY	YY	YY	XX	XX	XX	YY	XX	YY	YY	YY	YY	XX	YY	YY	XX	YY	XX	XX	XX	YY	XX	No Call	YY	YY	YY	YY	No Call	XX	YY	XX	YY	XX	YY	XX	XX	XX	XX	YY	No Call	XX	YY	XX	XX	XX	XX	XX	XX	XX
CMUW10X09H_0042	YY	XX	XX	XX	YY	XX	XX	XX	XX	YY	XX	YY	XX	YY	YY	No Call	XX	YY	YY	XX	XX	YY	YY	YY	YY	XX	XX	XX	YY	YY	XX	No Call	XX	No Call	XX	XX	XX	XX	XX	YY	XX	YY	YY	XX	XX	YY	YY	YY	YY	YY	XX	XX	YY	YY	XX	YY	YY	YY	YY	XX	YY	YY	XX	YY	XX	XX	XX	YY	XX	No Call	YY	YY	YY	YY	No Call	XX	YY	YY	YY	XX	YY	XX	XX	XX	XX	YY	No Call	XX	YY	XX	XX	XX	XX	XX	XX	XX
CMUW10X09H_0050	YY	XX	XX	XX	YY	XX	XX	XX	XX	YY	XX	YY	XX	YY	YY	No Call	XX	YY	XX	YY	XX	YY	YY	YY	YY	XX	XX	XX	YY	XX	XX	No Call	XX	No Call	YY	XX	XX	XX	XX	YY	XX	YY	YY	XX	XX	YY	YY	YY	YY	YY	XX	XX	YY	YY	XX	YY	YY	YY	YY	XX	YY	XX	YY	YY	XX	XX	XX	YY	XX	No Call	YY	YY	YY	YY	No Call	XX	YY	XX	YY	XX	YY	YY	XX	XX	XX	YY	No Call	XX	YY	XX	XX	XX	YY	XX	XX	XX
CMUW10X09H_0058	YY	XX	YY	XX	XX	YY	XX	XX	XX	YY	XX	YY	YY	YY	YY	No Call	XX	YY	YY	XX	XX	XX	YY	YY	YY	XX	XX	YY	YY	YY	XX	No Call	XX	No Call	XX	XX	XX	XX	XX	YY	XX	YY	YY	XX	XX	YY	YY	YY	YY	YY	XX	XX	YY	YY	XX	YY	YY	YY	YY	XX	YY	XX	YY	YY	XX	YY	XX	YY	XX	No Call	YY	YY	YY	YY	No Call	XX	YY	YY	YY	XX	YY	YY	XX	XX	XX	YY	No Call	XX	YY	XX	XX	XX	YY	XX	XX	XX
CMUW10X09H_0066	YY	XX	YY	XX	XX	YY	XX	XX	XX	YY	XX	YY	XX	YY	YY	No Call	XX	YY	XX	YY	XX	YY	YY	YY	YY	XX	XX	YY	YY	YY	XX	No Call	XX	No Call	XX	YY	XX	XX	XX	XX	XX	YY	YY	XX	YY	YY	YY	YY	YY	YY	XX	XX	YY	YY	XX	YY	YY	YY	YY	XX	XX	XX	YY	YY	XX	XX	XX	YY	XX	No Call	YY	YY	YY	YY	No Call	XX	YY	XX	YY	XX	YY	YY	XX	XX	XX	YY	No Call	XX	YY	XX	XX	XX	YY	XX	XX	XX
CMUW10X09H_0074	YY	XX	YY	XX	XX	YY	XX	XX	XX	YY	XX	YY	XX	YY	YY	No Call	XX	YY	XX	YY	XX	YY	YY	YY	YY	XX	XX	XX	YY	YY	XX	No Call	XX	No Call	XX	YY	XX	XX	XX	XX	XX	YY	YY	XX	XX	YY	YY	YY	YY	YY	XX	XX	XX	YY	XX	YY	YY	YY	YY	XX	YY	YY	XX	YY	XX	YY	XX	YY	XX	No Call	YY	YY	YY	YY	No Call	XX	YY	YY	YY	XX	YY	XX	XX	XX	XX	YY	No Call	XX	YY	YY	XX	XX	XX	XX	XX	XX
CMUW10X09H_0082	YY	XX	YY	XX	XX	YY	XX	XX	XX	YY	XX	YY	YY	YY	YY	No Call	XX	YY	YY	XX	XX	YY	YY	YY	YY	XX	XX	XX	YY	YY	XX	No Call	XX	No Call	YY	XX	XX	XX	XX	XX	XX	YY	YY	XX	YY	YY	YY	YY	YY	YY	XX	XX	XX	YY	XX	YY	YY	YY	YY	XX	XX	XX	YY	YY	XX	YY	XX	YY	XX	No Call	YY	YY	YY	YY	No Call	XX	YY	YY	YY	XX	YY	XX	XX	XX	XX	YY	No Call	XX	YY	XX	XX	XX	YY	XX	XX	XX
CMUW10X09H_0090	YY	XX	XX	XX	XX	YY	XX	XX	XX	YY	XX	YY	XX	YY	YY	No Call	XX	YY	YY	XX	YY	XX	YY	YY	YY	XX	XX	YY	YY	YY	XX	No Call	XX	No Call	YY	YY	XX	XX	XX	XX	XX	YY	XX	XX	XX	YY	YY	YY	YY	YY	XX	XX	YY	YY	XX	YY	YY	YY	YY	XX	XX	XX	YY	YY	XX	XX	XX	YY	XX	No Call	YY	YY	YY	YY	No Call	XX	YY	XX	YY	XX	YY	XX	XX	XX	XX	YY	No Call	XX	YY	YY	XX	XX	YY	XX	XX	XX
CMUW10X09H_0003	YY	XX	YY	XX	YY	XX	XX	XX	XX	YY	XX	YY	YY	YY	YY	No Call	XX	YY	YY	XX	YY	XX	YY	YY	YY	XX	XX	YY	YY	XX	XX	No Call	XX	No Call	XX	YY	XX	XX	XX	XX	XX	YY	XX	XX	YY	YY	YY	YY	YY	YY	XX	XX	YY	YY	XX	YY	YY	YY	YY	XX	YY	YY	XX	YY	XX	YY	XX	YY	XX	No Call	YY	YY	YY	YY	No Call	XX	YY	YY	YY	XX	YY	XX	XX	XX	XX	YY	No Call	XX	YY	XX	XX	XX	YY	XX	XX	XX
CMUW10X09H_0011	YY	XX	XX	XX	XX	YY	XX	XX	XX	YY	XX	YY	YY	YY	YY	No Call	XX	YY	XX	YY	YY	YY	YY	YY	YY	XX	XX	YY	YY	YY	XX	No Call	XX	No Call	YY	XX	XX	XX	XX	YY	XX	YY	XX	XX	YY	YY	YY	YY	YY	YY	XX	XX	YY	YY	XX	YY	YY	YY	YY	XX	YY	YY	XX	YY	XX	XX	XX	YY	XX	No Call	YY	YY	YY	YY	No Call	XX	YY	XX	YY	XX	YY	YY	XX	XX	XX	YY	No Call	XX	YY	YY	XX	XX	YY	XX	XX	XX
CMUW10X09H_0019	YY	XX	XX	XX	XX	YY	XX	XX	XX	YY	XX	YY	YY	YY	YY	No Call	XX	YY	YY	XX	XX	XX	YY	YY	YY	XX	XX	YY	YY	YY	XX	No Call	XX	No Call	XX	YY	XX	XX	XX	YY	XX	YY	YY	XX	XX	YY	YY	YY	YY	YY	XX	XX	YY	YY	XX	YY	YY	YY	YY	XX	YY	YY	XX	YY	XX	XX	XX	YY	XX	No Call	YY	YY	YY	YY	No Call	XX	YY	XX	YY	XX	YY	YY	XX	XX	XX	YY	No Call	XX	YY	YY	XX	XX	XX	XX	XX	XX
CMUW10X09H_0027	YY	XX	YY	XX	XX	YY	XX	XX	XX	YY	XX	YY	YY	YY	YY	No Call	XX	YY	XX	YY	XX	YY	YY	YY	YY	XX	XX	YY	YY	YY	XX	No Call	XX	No Call	YY	XX	XX	XX	XX	YY	XX	YY	YY	XX	YY	YY	YY	YY	YY	YY	XX	XX	YY	YY	XX	YY	YY	YY	YY	XX	YY	XX	YY	YY	XX	XX	XX	YY	XX	No Call	YY	YY	YY	YY	No Call	XX	YY	YY	YY	XX	YY	YY	XX	XX	XX	YY	No Call	XX	YY	XX	XX	XX	YY	XX	XX	XX
CMUW10X09H_0035	YY	XX	YY	XX	YY	XX	XX	XX	XX	YY	XX	YY	YY	YY	YY	No Call	XX	YY	YY	XX	XX	YY	YY	YY	YY	XX	XX	XX	YY	YY	XX	No Call	XX	No Call	XX	YY	XX	XX	XX	YY	XX	YY	YY	XX	XX	YY	YY	YY	YY	YY	XX	XX	YY	YY	XX	YY	YY	YY	YY	XX	YY	YY	XX	YY	XX	XX	XX	YY	XX	No Call	YY	YY	YY	YY	No Call	XX	YY	YY	YY	XX	YY	XX	XX	XX	XX	YY	No Call	XX	YY	YY	XX	XX	XX	XX	XX	XX
CMUW10X09H_0043	YY	XX	XX	XX	YY	XX	XX	XX	XX	YY	XX	YY	XX	YY	YY	No Call	XX	YY	YY	XX	YY	XX	YY	YY	YY	XX	XX	XX	YY	XX	XX	No Call	XX	No Call	XX	XX	XX	XX	XX	YY	XX	YY	XX	XX	XX	YY	YY	YY	YY	YY	XX	XX	YY	YY	XX	YY	YY	YY	YY	XX	YY	XX	YY	YY	XX	XX	XX	YY	XX	No Call	YY	YY	YY	YY	No Call	XX	YY	YY	YY	XX	YY	XX	XX	XX	XX	YY	No Call	XX	YY	XX	XX	XX	YY	XX	XX	XX
CMUW10X09H_0051	YY	XX	XX	XX	XX	YY	XX	XX	XX	YY	XX	YY	XX	YY	YY	No Call	XX	YY	XX	YY	YY	XX	YY	YY	YY	XX	XX	XX	YY	XX	XX	No Call	XX	No Call	XX	YY	XX	XX	XX	YY	XX	YY	XX	XX	YY	YY	YY	YY	YY	YY	XX	XX	XX	YY	XX	YY	YY	YY	YY	XX	XX	YY	XX	YY	XX	YY	XX	YY	XX	No Call	YY	YY	YY	YY	No Call	XX	YY	YY	YY	XX	YY	XX	XX	XX	XX	YY	No Call	XX	YY	XX	XX	XX	XX	XX	XX	XX
CMUW10X09H_0059	YY	XX	YY	XX	YY	XX	XX	XX	XX	YY	XX	YY	YY	YY	YY	No Call	XX	YY	XX	YY	YY	XX	YY	YY	YY	XX	XX	XX	YY	XX	XX	No Call	XX	No Call	XX	YY	XX	XX	XX	XX	XX	YY	XX	XX	YY	YY	YY	YY	YY	YY	XX	XX	YY	YY	XX	YY	YY	YY	YY	XX	XX	YY	XX	YY	XX	YY	XX	YY	XX	No Call	YY	YY	YY	YY	No Call	XX	YY	YY	YY	XX	YY	YY	XX	XX	XX	YY	No Call	XX	YY	XX	XX	XX	YY	XX	XX	XX
CMUW10X09H_0067	YY	XX	XX	XX	YY	XX	XX	XX	XX	YY	XX	YY	YY	YY	YY	No Call	XX	YY	YY	XX	YY	YY	YY	YY	YY	XX	XX	YY	YY	XX	XX	No Call	XX	No Call	YY	YY	XX	XX	XX	YY	XX	YY	XX	XX	YY	YY	YY	YY	YY	YY	XX	XX	YY	YY	XX	YY	YY	YY	YY	XX	XX	XX	YY	YY	XX	YY	XX	YY	XX	No Call	YY	YY	YY	YY	No Call	XX	YY	YY	YY	XX	YY	YY	XX	XX	XX	YY	No Call	XX	YY	YY	XX	XX	YY	XX	XX	XX
CMUW10X09H_0075	YY	XX	YY	XX	YY	XX	XX	XX	XX	YY	XX	YY	XX	YY	YY	No Call	XX	YY	YY	XX	YY	XX	YY	YY	YY	XX	XX	YY	YY	XX	XX	No Call	XX	No Call	YY	XX	XX	XX	XX	XX	XX	YY	XX	XX	XX	YY	YY	YY	YY	YY	XX	XX	YY	YY	XX	YY	YY	YY	YY	XX	XX	XX	YY	YY	XX	XX	XX	YY	XX	No Call	YY	YY	YY	YY	No Call	XX	YY	XX	YY	XX	YY	YY	XX	XX	XX	YY	No Call	XX	YY	XX	XX	XX	YY	XX	XX	XX
CMUW10X09H_0083	YY	XX	YY	XX	XX	YY	XX	XX	XX	YY	XX	YY	YY	YY	YY	No Call	XX	YY	XX	YY	YY	YY	YY	YY	YY	XX	XX	YY	YY	XX	XX	No Call	XX	No Call	XX	XX	XX	XX	XX	XX	XX	YY	XX	XX	XX	YY	YY	YY	YY	YY	XX	XX	YY	YY	XX	YY	YY	YY	YY	XX	YY	YY	XX	YY	XX	YY	XX	YY	XX	No Call	YY	YY	YY	YY	No Call	XX	YY	XX	YY	XX	YY	YY	XX	XX	XX	YY	No Call	XX	YY	YY	XX	XX	YY	XX	XX	XX
CMUW10X09H_0091	YY	XX	XX	XX	YY	XX	XX	XX	XX	YY	XX	YY	YY	YY	YY	No Call	XX	YY	XX	YY	YY	YY	YY	YY	YY	XX	XX	YY	YY	YY	XX	No Call	XX	No Call	YY	XX	XX	XX	XX	XX	XX	YY	YY	XX	YY	YY	YY	YY	YY	YY	XX	XX	YY	YY	XX	YY	YY	YY	YY	XX	XX	XX	YY	YY	XX	XX	XX	YY	XX	No Call	YY	YY	YY	YY	No Call	XX	YY	YY	YY	XX	YY	XX	XX	XX	XX	YY	No Call	XX	YY	XX	XX	XX	YY	XX	XX	XX
CMUW10X09H_0004	YY	XX	XX	XX	XX	YY	XX	XX	XX	YY	XX	YY	XX	YY	YY	No Call	XX	YY	XX	YY	XX	YY	YY	YY	YY	XX	XX	XX	YY	XX	XX	No Call	XX	No Call	XX	XX	XX	XX	XX	YY	XX	YY	YY	XX	YY	YY	YY	YY	YY	YY	XX	XX	XX	YY	XX	YY	YY	YY	YY	XX	XX	YY	XX	YY	XX	XX	XX	YY	XX	No Call	YY	YY	YY	YY	No Call	XX	YY	YY	YY	XX	YY	YY	XX	XX	XX	YY	No Call	XX	YY	YY	XX	XX	XX	XX	XX	XX
CMUW10X09H_0012	YX	XX	XX	XX	YY	XX	XX	XX	XX	YY	XX	YY	XX	YY	YY	No Call	XX	YX	YX	XX	XX	YX	YX	YX	YY	YX	XX	XX	YY	YX	YY	No Call	XX	No Call	YX	YY	XX	XX	XX	No Call	XX	YX	YX	XX	XX	YY	YY	YY	YY	YY	XX	XX	YX	YY	XX	YY	YY	YY	YY	XX	XX	XX	YY	YY	XX	YY	XX	YX	XX	No Call	YY	YX	YY	YY	No Call	XX	YY	YY	YY	XX	YY	XX	XX	YX	XX	YY	No Call	XX	YX	XX	XX	XX	XX	XX	XX	XX
CMUW10X09H_0020	YY	XX	YX	YX	YY	XX	XX	YX	XX	YY	XX	YX	XX	YX	YY	No Call	XX	YY	YX	YX	YX	XX	YX	YY	YY	XX	XX	YX	YX	YY	XX	No Call	XX	No Call	YX	XX	XX	XX	XX	YY	XX	YY	YY	XX	XX	YY	YY	YY	YY	YY	XX	XX	YX	YY	XX	YY	YX	YY	YY	XX	YY	YX	YY	YX	XX	YY	YX	YY	XX	No Call	YY	YY	YY	YY	No Call	XX	YX	YX	YY	XX	YY	YX	XX	XX	XX	YY	No Call	XX	YY	YX	XX	XX	XX	XX	XX	XX
CMUW10X09H_0028	YY	XX	XX	XX	YY	XX	XX	XX	XX	YY	XX	YY	XX	YY	YY	No Call	XX	YY	YY	XX	XX	XX	YY	YY	YY	XX	XX	XX	YY	YY	XX	No Call	XX	No Call	XX	YY	XX	XX	XX	YY	XX	YY	YY	XX	XX	YY	YY	YY	YY	YY	XX	XX	XX	YY	XX	YY	YY	YY	YY	XX	YY	YY	XX	YY	XX	XX	XX	YY	XX	No Call	YY	YY	YY	YY	No Call	XX	YY	XX	YY	XX	YY	YY	XX	XX	XX	YY	No Call	XX	YY	YY	XX	XX	XX	XX	XX	XX
CMUW10X09H_0036	YY	XX	XX	XX	XX	YY	XX	XX	XX	YY	XX	YY	XX	YY	YY	No Call	XX	YY	XX	YY	XX	YY	YY	YY	YY	XX	XX	XX	YY	YY	XX	No Call	XX	No Call	XX	YY	XX	XX	XX	XX	XX	YY	YY	XX	XX	YY	YY	YY	YY	YY	XX	XX	XX	YY	XX	YY	YY	YY	YY	XX	YY	XX	YY	YY	XX	XX	XX	YY	XX	No Call	YY	YY	YY	YY	No Call	XX	YY	XX	YY	XX	YY	XX	XX	XX	XX	YY	No Call	XX	YY	XX	XX	XX	YY	XX	XX	XX
CMUW10X09H_0044	YY	XX	XX	XX	XX	YY	XX	XX	XX	YY	XX	YY	YY	YY	YY	No Call	XX	YY	YY	XX	YY	XX	YY	YY	YY	XX	XX	XX	YY	YY	XX	No Call	XX	No Call	YY	YY	XX	XX	XX	YY	XX	YY	XX	XX	XX	YY	YY	YY	YY	YY	XX	XX	YY	YY	XX	YY	YY	YY	YY	XX	YY	YY	XX	YY	XX	XX	XX	YY	XX	No Call	YY	YY	YY	YY	No Call	XX	YY	XX	YY	XX	YY	XX	XX	XX	XX	YY	No Call	XX	YY	YY	XX	XX	XX	XX	XX	XX
CMUW10X09H_0052	YY	XX	XX	XX	XX	YY	XX	XX	XX	YY	XX	YY	YY	YY	YY	No Call	XX	YY	YY	XX	YY	YY	YY	YY	YY	XX	XX	XX	YY	YY	XX	No Call	XX	No Call	XX	XX	XX	XX	XX	YY	XX	YY	XX	XX	XX	YY	YY	YY	YY	YY	XX	XX	YY	YY	XX	YY	YY	YY	YY	XX	YY	XX	YY	YY	XX	XX	XX	YY	XX	No Call	YY	YY	YY	YY	No Call	XX	YY	YY	YY	XX	YY	XX	XX	XX	XX	YY	No Call	XX	YY	XX	XX	XX	YY	XX	XX	XX
CMUW10X09H_0060	YY	XX	YY	XX	YY	XX	XX	XX	XX	YY	XX	YY	YY	YY	YY	No Call	XX	YY	XX	YY	XX	XX	YY	YY	YY	XX	XX	YY	YY	YY	XX	No Call	XX	No Call	YY	XX	XX	XX	XX	YY	XX	YY	YY	XX	XX	YY	YY	YY	YY	YY	XX	XX	XX	YY	XX	YY	YY	YY	YY	XX	YY	XX	YY	YY	XX	YY	XX	YY	XX	No Call	YY	YY	YY	YY	No Call	XX	YY	YY	YY	XX	YY	YY	XX	XX	XX	YY	No Call	XX	YY	XX	XX	XX	YY	XX	XX	XX
CMUW10X09H_0068	YY	XX	XX	XX	XX	YY	XX	XX	XX	YY	XX	YY	YY	YY	YY	No Call	XX	YY	XX	YY	YY	YY	YY	YY	YY	XX	XX	XX	YY	XX	XX	No Call	XX	No Call	XX	YY	XX	XX	XX	YY	XX	YY	YY	XX	YY	YY	YY	YY	YY	YY	XX	XX	YY	YY	XX	YY	YY	YY	YY	XX	YY	YY	XX	YY	XX	YY	XX	YY	XX	No Call	YY	YY	YY	YY	No Call	XX	YY	XX	YY	XX	YY	XX	XX	XX	XX	YY	No Call	XX	YY	XX	XX	XX	YY	XX	XX	XX
CMUW10X09H_0076	YY	XX	XX	XX	YY	XX	XX	XX	XX	YY	XX	YY	YY	YY	YY	No Call	XX	YY	YY	XX	YY	XX	YY	YY	YY	XX	XX	XX	YY	YY	XX	No Call	XX	No Call	YY	YY	XX	XX	XX	XX	XX	YY	XX	XX	XX	YY	YY	YY	YY	YY	XX	XX	XX	YY	XX	YY	YY	YY	YY	XX	YY	XX	YY	YY	XX	YY	XX	YY	XX	No Call	YY	YY	YY	YY	No Call	XX	YY	XX	YY	XX	YY	XX	XX	XX	XX	YY	No Call	XX	YY	YY	XX	XX	XX	XX	XX	XX
CMUW10X09H_0084	YY	XX	YY	XX	XX	YY	XX	XX	XX	YY	XX	YY	XX	YY	YY	No Call	XX	YY	XX	YY	YY	YY	YY	YY	YY	XX	XX	YY	YY	YY	XX	No Call	XX	No Call	XX	XX	XX	XX	XX	XX	XX	YY	XX	XX	YY	YY	YY	YY	YY	YY	XX	XX	XX	YY	XX	YY	YY	YY	YY	XX	XX	XX	YY	YY	XX	YY	XX	YY	XX	No Call	YY	YY	YY	YY	No Call	XX	YY	YY	YY	XX	YY	YY	XX	XX	XX	YY	No Call	XX	YY	XX	XX	XX	XX	XX	XX	XX
CMUW10X09H_0092	YY	XX	XX	XX	YY	XX	XX	XX	XX	YY	XX	YY	XX	YY	YY	No Call	XX	YY	YY	XX	YY	XX	YY	YY	YY	XX	XX	XX	YY	YY	XX	No Call	XX	No Call	XX	XX	XX	XX	XX	XX	XX	YY	XX	XX	XX	YY	YY	YY	YY	YY	XX	XX	YY	YY	XX	YY	YY	YY	YY	XX	XX	YY	XX	YY	XX	XX	XX	YY	XX	No Call	YY	YY	YY	YY	No Call	XX	YY	YY	YY	XX	YY	XX	XX	XX	XX	YY	No Call	XX	YY	YY	XX	XX	YY	XX	XX	XX
CMUW10X09H_0005	YY	XX	XX	XX	YY	XX	XX	XX	XX	YY	XX	YY	YY	YY	YY	No Call	XX	YY	YY	XX	YY	YY	YY	YY	YY	XX	XX	YY	YY	XX	XX	No Call	XX	No Call	XX	YY	XX	XX	XX	YY	XX	YY	XX	XX	XX	YY	YY	YY	YY	YY	XX	XX	XX	YY	XX	YY	YY	YY	YY	XX	XX	XX	YY	YY	XX	XX	XX	YY	XX	No Call	YY	YY	YY	YY	No Call	XX	YY	XX	YY	XX	YY	XX	XX	XX	XX	YY	No Call	XX	YY	XX	XX	XX	XX	XX	XX	XX
CMUW10X09H_0013	YY	XX	YY	XX	YY	XX	XX	XX	XX	YY	XX	YY	YY	YY	YY	No Call	XX	YY	XX	YY	XX	YY	YY	YY	YY	XX	XX	XX	YY	YY	XX	No Call	XX	No Call	XX	YY	XX	XX	XX	XX	XX	YY	XX	XX	XX	YY	YY	YY	YY	YY	XX	XX	YY	YY	XX	YY	YY	YY	YY	XX	XX	XX	YY	YY	XX	XX	XX	YY	XX	No Call	YY	YY	YY	YY	No Call	XX	YY	XX	YY	XX	YY	YY	XX	XX	XX	YY	No Call	XX	YY	YY	XX	XX	XX	XX	XX	XX
CMUW10X09H_0021	YY	XX	YY	XX	XX	YY	XX	XX	XX	YY	XX	YY	YY	YY	YY	No Call	XX	YY	XX	YY	YY	XX	YY	YY	YY	XX	XX	YY	YY	YY	XX	No Call	XX	No Call	YY	YY	XX	XX	XX	YY	XX	YY	XX	XX	YY	YY	YY	YY	YY	YY	XX	XX	XX	YY	XX	YY	YY	YY	YY	XX	YY	YY	XX	YY	XX	XX	XX	YY	XX	No Call	YY	YY	YY	YY	No Call	XX	YY	YY	YY	XX	YY	YY	XX	XX	XX	YY	No Call	XX	YY	XX	XX	XX	YY	XX	XX	XX
CMUW10X09H_0029	YY	XX	YY	XX	XX	YY	XX	XX	XX	YY	XX	YY	YY	YY	YY	No Call	XX	YY	YY	XX	XX	YY	YY	YY	YY	XX	XX	YY	YY	YY	XX	No Call	XX	No Call	YY	XX	XX	XX	XX	XX	XX	YY	No Call	XX	XX	YY	YY	YY	YY	YY	XX	XX	YY	YY	XX	YY	YY	YY	YY	XX	XX	XX	YY	YY	XX	XX	XX	YY	XX	No Call	YY	YY	YY	YY	No Call	XX	YY	YY	YY	XX	YY	XX	XX	XX	XX	YY	No Call	XX	YY	XX	XX	XX	XX	XX	XX	XX
CMUW10X09H_0037	YY	XX	YY	XX	YY	XX	XX	XX	XX	YY	XX	YY	YY	YY	YY	No Call	XX	YY	YY	XX	XX	XX	YY	YY	YY	XX	XX	YY	YY	YY	XX	No Call	XX	No Call	YY	XX	XX	XX	XX	XX	XX	YY	YY	XX	XX	YY	YY	YY	YY	YY	XX	XX	YY	YY	XX	YY	YY	YY	YY	XX	XX	YY	XX	YY	XX	XX	XX	YY	XX	No Call	YY	YY	YY	YY	No Call	XX	YY	XX	YY	XX	YY	YY	XX	XX	XX	YY	No Call	XX	YY	YY	XX	XX	YY	XX	XX	XX
CMUW10X09H_0045	YY	XX	YY	XX	YY	XX	XX	XX	XX	YY	XX	YY	YY	YY	YY	No Call	XX	YY	XX	YY	YY	XX	YY	YY	YY	XX	XX	YY	YY	XX	XX	No Call	XX	No Call	XX	XX	XX	XX	XX	XX	XX	YY	XX	XX	YY	YY	YY	YY	YY	YY	XX	XX	XX	YY	XX	YY	YY	YY	YY	XX	YY	YY	XX	YY	XX	YY	XX	YY	XX	No Call	YY	YY	YY	YY	No Call	XX	YY	XX	YY	XX	YY	YY	XX	XX	XX	YY	No Call	XX	YY	XX	XX	XX	XX	XX	XX	XX
CMUW10X09H_0053	YY	XX	XX	XX	YY	XX	XX	XX	XX	YY	XX	YY	XX	YY	YY	No Call	XX	YY	XX	YY	YY	XX	YY	YY	YY	XX	XX	XX	YY	YY	XX	No Call	XX	No Call	YY	YY	XX	XX	XX	YY	XX	YY	XX	XX	YY	YY	YY	YY	YY	YY	XX	XX	YY	YY	XX	YY	YY	YY	YY	XX	YY	XX	YY	YY	XX	YY	XX	YY	XX	No Call	YY	YY	YY	YY	No Call	XX	YY	YY	YY	XX	YY	XX	XX	XX	XX	YY	No Call	XX	YY	YY	XX	XX	XX	XX	XX	XX
CMUW10X09H_0061	YY	XX	YY	XX	YY	XX	XX	XX	XX	YY	XX	YY	YY	YY	YY	No Call	XX	YY	XX	YY	XX	YY	YY	YY	YY	XX	XX	XX	YY	YY	XX	No Call	XX	No Call	YY	YY	XX	XX	XX	YY	XX	YY	YY	XX	XX	YY	YY	YY	YY	YY	XX	XX	YY	YY	XX	YY	YY	YY	YY	XX	XX	XX	YY	YY	XX	YY	XX	YY	XX	No Call	YY	YY	YY	YY	No Call	XX	YY	YY	YY	XX	YY	XX	XX	XX	XX	YY	No Call	XX	YY	YY	XX	XX	YY	XX	XX	XX
CMUW10X09H_0069	YY	XX	YY	XX	YY	XX	XX	XX	XX	YY	XX	YY	XX	YY	YY	No Call	XX	YY	XX	YY	YY	XX	YY	YY	YY	XX	XX	YY	YY	YY	XX	No Call	XX	No Call	XX	YY	XX	XX	XX	YY	XX	YY	XX	XX	XX	YY	YY	YY	YY	YY	XX	XX	XX	YY	XX	YY	YY	YY	YY	XX	XX	YY	XX	YY	XX	YY	XX	YY	XX	No Call	YY	YY	YY	YY	No Call	XX	YY	YY	YY	XX	YY	XX	XX	XX	XX	YY	No Call	XX	YY	XX	XX	XX	XX	XX	XX	XX
CMUW10X09H_0077	YY	XX	XX	XX	XX	YY	XX	XX	XX	YY	XX	YY	XX	YY	YY	No Call	XX	YY	XX	YY	XX	YY	YY	YY	YY	XX	XX	YY	YY	YY	XX	No Call	XX	No Call	XX	YY	XX	XX	XX	YY	XX	YY	YY	XX	YY	YY	YY	YY	YY	YY	XX	XX	XX	YY	XX	YY	YY	YY	YY	XX	YY	XX	YY	YY	XX	YY	XX	YY	XX	No Call	YY	YY	YY	YY	No Call	XX	YY	XX	YY	XX	YY	XX	XX	XX	XX	YY	No Call	XX	YY	XX	XX	XX	YY	XX	XX	XX
CMUW10X09H_0085	YY	XX	YY	XX	YY	XX	XX	XX	XX	YY	XX	YY	YY	YY	YY	No Call	XX	YY	XX	YY	YY	XX	YY	YY	YY	XX	XX	XX	YY	YY	XX	No Call	XX	No Call	YY	XX	XX	XX	XX	XX	XX	YY	XX	XX	XX	YY	YY	YY	YY	YY	XX	XX	XX	YY	XX	YY	YY	YY	YY	XX	XX	YY	XX	YY	XX	YY	XX	YY	XX	No Call	YY	YY	YY	YY	No Call	XX	YY	YY	YY	XX	YY	XX	XX	XX	XX	YY	No Call	XX	YY	YY	XX	XX	XX	XX	XX	XX
CMUW10X09H_0093	YY	XX	XX	XX	YY	XX	XX	XX	XX	YY	XX	YY	XX	YY	YY	No Call	XX	YY	XX	YY	YY	YY	YY	YY	YY	XX	XX	XX	YY	XX	XX	No Call	XX	No Call	XX	YY	XX	XX	XX	YY	XX	YY	YY	XX	XX	YY	YY	YY	YY	YY	XX	XX	YY	YY	XX	YY	YY	YY	YY	XX	YY	XX	YY	YY	XX	YY	XX	YY	XX	No Call	YY	YY	YY	YY	No Call	XX	YY	YY	YY	XX	YY	YY	XX	XX	XX	YY	No Call	XX	YY	YY	XX	XX	YY	XX	XX	XX
CMUW10X09H_0006	YY	XX	YY	XX	XX	YY	XX	XX	XX	YY	XX	YY	XX	YY	YY	No Call	XX	YY	XX	YY	XX	YY	YY	YY	YY	XX	XX	YY	YY	YY	XX	No Call	XX	No Call	XX	XX	XX	XX	XX	YY	XX	YY	YY	XX	YY	YY	YY	YY	YY	YY	XX	XX	YY	YY	XX	YY	YY	YY	YY	XX	XX	YY	XX	YY	XX	YY	XX	YY	XX	No Call	YY	YY	YY	YY	No Call	XX	YY	YY	YY	XX	YY	YY	XX	XX	XX	YY	No Call	XX	YY	XX	XX	XX	XX	XX	XX	XX
CMUW10X09H_0014	YY	XX	XX	XX	YY	XX	XX	XX	XX	YY	XX	YY	YY	YY	YY	No Call	XX	YY	XX	YY	XX	XX	YY	YY	YY	XX	XX	XX	YY	YY	XX	No Call	XX	No Call	XX	YY	XX	XX	XX	XX	XX	YY	YY	XX	XX	YY	YY	YY	YY	YY	XX	XX	YY	YY	XX	YY	YY	YY	YY	XX	XX	XX	YY	YY	XX	YY	XX	YY	XX	No Call	YY	YY	YY	YY	No Call	XX	YY	XX	YY	XX	YY	XX	XX	XX	XX	YY	No Call	XX	YY	XX	XX	XX	XX	XX	XX	XX
CMUW10X09H_0022	YY	XX	YY	XX	YY	XX	XX	XX	XX	YY	XX	YY	YY	YY	YY	No Call	XX	YY	YY	XX	XX	YY	YY	YY	YY	XX	XX	XX	YY	XX	XX	No Call	XX	No Call	YY	XX	XX	XX	XX	XX	XX	YY	YY	XX	YY	YY	YY	YY	YY	YY	XX	XX	YY	YY	XX	YY	YY	YY	YY	XX	XX	XX	YY	YY	XX	YY	XX	YY	XX	No Call	YY	YY	YY	YY	No Call	XX	YY	YY	YY	XX	YY	XX	XX	XX	XX	YY	No Call	XX	YY	XX	XX	XX	XX	XX	XX	XX
CMUW10X09H_0030	YY	XX	YY	XX	YY	XX	XX	XX	XX	YY	XX	YY	YY	YY	YY	No Call	XX	YY	YY	XX	YY	YY	YY	YY	YY	XX	XX	YY	YY	YY	XX	No Call	XX	No Call	XX	XX	XX	XX	XX	XX	XX	YY	XX	XX	YY	YY	YY	YY	YY	YY	XX	XX	XX	YY	XX	YY	YY	YY	YY	XX	XX	XX	YY	YY	XX	XX	XX	YY	XX	No Call	YY	YY	YY	YY	No Call	XX	YY	XX	YY	XX	YY	XX	XX	XX	XX	YY	No Call	XX	YY	XX	XX	XX	XX	XX	XX	XX
CMUW10X09H_0038	YY	XX	YY	XX	XX	YY	XX	XX	XX	YY	XX	YY	YY	YY	YY	No Call	XX	YY	XX	YY	XX	XX	YY	YY	YY	XX	XX	YY	YY	YY	XX	No Call	XX	No Call	XX	XX	XX	XX	XX	XX	XX	YY	YY	XX	XX	YY	YY	YY	YY	YY	XX	XX	XX	YY	XX	YY	YY	YY	YY	XX	YY	YY	XX	YY	XX	XX	XX	YY	XX	No Call	YY	YY	YY	YY	No Call	XX	YY	YY	YY	XX	YY	XX	XX	XX	XX	YY	No Call	XX	YY	XX	XX	XX	XX	XX	XX	XX
CMUW10X09H_0046	YY	XX	XX	XX	YY	XX	XX	XX	XX	YY	XX	YY	XX	YY	YY	No Call	XX	YY	YY	XX	YY	XX	YY	YY	YY	XX	XX	YY	YY	YY	XX	No Call	XX	No Call	XX	YY	XX	XX	XX	YY	XX	YY	YY	XX	XX	YY	YY	YY	YY	YY	XX	XX	YY	YY	XX	YY	YY	YY	YY	XX	YY	XX	YY	YY	XX	XX	XX	YY	XX	No Call	YY	YY	YY	YY	No Call	XX	YY	YY	YY	XX	YY	XX	XX	XX	XX	YY	No Call	XX	YY	XX	XX	XX	XX	XX	XX	XX
CMUW10X09H_0054	YY	XX	XX	XX	XX	YY	XX	XX	XX	YY	XX	YY	XX	YY	YY	No Call	XX	YY	XX	YY	XX	YY	YY	YY	YY	XX	XX	YY	YY	XX	XX	No Call	XX	No Call	YY	XX	XX	XX	XX	XX	XX	YY	YY	XX	XX	YY	YY	YY	YY	YY	XX	XX	YY	YY	XX	YY	YY	YY	YY	XX	XX	XX	YY	YY	XX	XX	XX	YY	XX	No Call	YY	YY	YY	YY	No Call	XX	YY	YY	YY	XX	YY	YY	XX	XX	XX	YY	No Call	XX	YY	YY	XX	XX	YY	XX	XX	XX
CMUW10X09H_0062	YY	XX	YY	XX	YY	XX	XX	XX	XX	YY	XX	YY	YY	YY	YY	No Call	XX	YY	YY	XX	XX	XX	YY	YY	YY	XX	XX	YY	YY	XX	XX	No Call	XX	No Call	XX	XX	XX	XX	XX	YY	XX	YY	YY	XX	YY	YY	YY	YY	YY	YY	XX	XX	YY	YY	XX	YY	YY	YY	YY	XX	XX	YY	XX	YY	XX	XX	XX	YY	XX	No Call	YY	YY	YY	YY	No Call	XX	YY	XX	YY	XX	YY	XX	XX	XX	XX	YY	No Call	XX	YY	YY	XX	XX	YY	XX	XX	XX
CMUW10X09H_0070	YY	XX	XX	XX	YY	XX	XX	XX	XX	YY	XX	YY	YY	YY	YY	No Call	XX	YY	XX	YY	YY	XX	YY	YY	YY	XX	XX	YY	YY	YY	XX	No Call	XX	No Call	XX	YY	XX	XX	XX	XX	XX	YY	XX	XX	YY	YY	YY	YY	YY	YY	XX	XX	XX	YY	XX	YY	YY	YY	YY	XX	XX	XX	YY	YY	XX	YY	XX	YY	XX	No Call	YY	YY	YY	YY	No Call	XX	YY	YY	YY	XX	YY	XX	XX	XX	XX	YY	No Call	XX	YY	XX	XX	XX	YY	XX	XX	XX
CMUW10X09H_0078	YY	XX	YY	XX	XX	YY	XX	XX	XX	YY	XX	YY	YY	YY	YY	No Call	XX	YY	XX	YY	YY	YY	YY	YY	YY	XX	XX	YY	YY	XX	XX	No Call	XX	No Call	YY	XX	XX	XX	XX	XX	XX	YY	XX	XX	YY	YY	YY	YY	YY	YY	XX	XX	YY	YY	XX	YY	YY	YY	YY	XX	XX	YY	XX	YY	XX	XX	XX	YY	XX	No Call	YY	YY	YY	YY	No Call	XX	YY	YY	YY	XX	YY	YY	XX	XX	XX	YY	No Call	XX	YY	XX	XX	XX	XX	XX	XX	XX
CMUW10X09H_0086	YY	XX	XX	XX	XX	YY	XX	XX	XX	YY	XX	YY	YY	YY	YY	No Call	XX	YY	YY	XX	XX	XX	YY	YY	YY	XX	XX	XX	YY	XX	XX	No Call	XX	No Call	XX	YY	XX	XX	XX	XX	XX	YY	YY	XX	YY	YY	YY	YY	YY	YY	XX	XX	XX	YY	XX	YY	YY	YY	YY	XX	XX	YY	XX	YY	XX	YY	XX	YY	XX	No Call	YY	YY	YY	YY	No Call	XX	YY	YY	YY	XX	YY	XX	XX	XX	XX	YY	No Call	XX	YY	XX	XX	XX	YY	XX	XX	XX
CMUW10X09H_0094	YY	XX	XX	XX	XX	YY	XX	No Call	No Call	YY	XX	YY	XX	YY	YY	No Call	XX	YY	XX	YY	YY	No Call	YY	YY	YY	XX	XX	XX	YY	No Call	XX	No Call	XX	No Call	XX	YY	XX	XX	XX	XX	XX	YY	XX	XX	XX	YY	YY	YY	YY	YY	XX	XX	No Call	YY	No Call	YY	No Call	No Call	YY	XX	No Call	XX	YY	YY	XX	No Call	No Call	No Call	XX	No Call	YY	YY	YY	YX	No Call	No Call	YY	YY	YY	XX	YY	XX	XX	XX	XX	YY	No Call	No Call	YY	No Call	XX	XX	No Call	XX	XX	No Call
CMUW10X09H_0007	YY	XX	XX	YX	YY	XX	XX	XX	XX	YY	XX	YX	YX	YY	YY	No Call	XX	YY	XX	YY	YX	XX	YY	YY	YY	XX	XX	YX	YX	YY	XX	No Call	XX	No Call	YX	YX	XX	XX	XX	YX	XX	YX	XX	XX	YX	YY	YY	YY	YY	YY	XX	XX	YY	YX	XX	YY	YX	YX	YY	XX	YX	YX	YY	YX	XX	YX	YX	YY	XX	No Call	YY	YY	YY	YX	No Call	XX	YX	YY	YX	XX	YY	YY	YX	XX	XX	YY	No Call	XX	YY	No Call	XX	XX	YX	XX	YX	XX
CMUW10X09H_0015	YY	XX	YY	XX	XX	YY	XX	XX	XX	YY	XX	YY	XX	YY	YY	No Call	XX	YY	YY	XX	YY	XX	YY	YY	YY	XX	XX	XX	YY	XX	XX	No Call	XX	No Call	XX	XX	XX	XX	XX	XX	XX	YY	XX	XX	XX	YY	YY	YY	YY	YY	XX	XX	YY	YY	XX	YY	YY	YY	YY	XX	YY	YY	XX	YY	XX	XX	XX	YY	XX	No Call	YY	YY	YY	YY	No Call	XX	YY	XX	YY	XX	YY	YY	XX	XX	XX	YY	No Call	XX	YY	XX	XX	XX	XX	XX	XX	XX
CMUW10X09H_0023	YY	XX	XX	XX	YY	XX	XX	XX	XX	YY	XX	YY	YY	YY	YY	No Call	XX	YY	YY	XX	XX	YY	YY	YY	YY	XX	XX	YY	YY	YY	XX	No Call	XX	No Call	XX	XX	XX	XX	XX	XX	XX	YY	YY	XX	XX	YY	YY	YY	YY	YY	XX	XX	XX	YY	XX	YY	YY	YY	YY	XX	XX	YY	XX	YY	XX	YY	XX	YY	XX	No Call	YY	YY	YY	YY	No Call	XX	YY	XX	YY	XX	YY	XX	XX	XX	XX	YY	No Call	XX	YY	YY	XX	XX	XX	XX	XX	XX
CMUW10X09H_0031	YY	XX	YY	XX	XX	YY	XX	XX	XX	YY	XX	YY	YY	YY	YY	No Call	XX	YY	YY	XX	XX	YY	YY	YY	YY	XX	XX	XX	YY	YY	XX	No Call	XX	No Call	YY	YY	XX	XX	XX	YY	XX	YY	YY	XX	XX	YY	YY	YY	YY	YY	XX	XX	YY	YY	XX	YY	YY	YY	YY	XX	XX	XX	YY	YY	XX	XX	XX	YY	XX	No Call	YY	YY	YY	YY	No Call	XX	YY	YY	YY	XX	YY	XX	XX	XX	XX	YY	No Call	XX	YY	XX	XX	XX	YY	XX	XX	XX
CMUW10X09H_0039	YY	XX	YY	XX	XX	YY	XX	XX	XX	YY	XX	YY	XX	YY	YY	No Call	XX	YY	XX	YY	XX	YY	YY	YY	YY	XX	XX	XX	YY	YY	XX	No Call	XX	No Call	YY	YY	XX	XX	XX	XX	XX	YY	YY	XX	YY	YY	YY	YY	YY	YY	XX	XX	XX	YY	XX	YY	YY	YY	YY	XX	YY	YY	XX	YY	XX	XX	XX	YY	XX	No Call	YY	YY	YY	YY	No Call	XX	YY	XX	YY	XX	YY	YY	XX	XX	XX	YY	No Call	XX	YY	XX	XX	XX	XX	XX	XX	XX
CMUW10X09H_0047	YY	XX	YY	XX	XX	YY	XX	XX	XX	YY	XX	YY	XX	YY	YY	No Call	XX	YY	XX	YY	YY	XX	YY	YY	YY	XX	XX	XX	YY	XX	XX	No Call	XX	No Call	XX	XX	XX	XX	XX	XX	XX	YY	XX	XX	YY	YY	YY	YY	YY	YY	XX	XX	XX	YY	XX	YY	YY	YY	YY	XX	XX	XX	YY	YY	XX	XX	XX	YY	XX	No Call	YY	YY	YY	YY	No Call	XX	YY	XX	YY	XX	YY	XX	XX	XX	XX	YY	No Call	XX	YY	YY	XX	XX	XX	XX	XX	XX
CMUW10X09H_0055	YY	XX	XX	XX	YY	XX	XX	XX	XX	YY	XX	YY	XX	YY	YY	No Call	XX	YY	XX	YY	XX	XX	YY	YY	YY	XX	XX	XX	YY	YY	XX	No Call	XX	No Call	XX	XX	XX	XX	XX	YY	XX	YY	YY	XX	YY	YY	YY	YY	YY	YY	XX	XX	YY	YY	XX	YY	YY	YY	YY	XX	XX	YY	XX	YY	XX	YY	XX	YY	XX	No Call	YY	YY	YY	YY	No Call	XX	YY	XX	YY	XX	YY	YY	XX	XX	XX	YY	No Call	XX	YY	XX	XX	XX	YY	XX	XX	XX
CMUW10X09H_0063	YY	XX	YY	XX	YY	XX	XX	XX	XX	YY	XX	YY	XX	YY	YY	No Call	XX	YY	YY	XX	XX	YY	YY	YY	YY	XX	XX	XX	YY	YY	XX	No Call	XX	No Call	YY	XX	XX	XX	XX	YY	XX	YY	YY	XX	XX	YY	YY	YY	YY	YY	XX	XX	XX	YY	XX	YY	YY	YY	YY	XX	YY	YY	XX	YY	XX	XX	XX	YY	XX	No Call	YY	YY	YY	YY	No Call	XX	YY	YY	YY	XX	YY	YY	XX	XX	XX	YY	No Call	XX	YY	YY	XX	XX	XX	XX	XX	XX
CMUW10X09H_0071	YY	XX	YY	XX	XX	YY	XX	XX	XX	YY	XX	YY	XX	YY	YY	No Call	XX	YY	YY	XX	XX	YY	YY	YY	YY	XX	XX	XX	YY	XX	XX	No Call	XX	No Call	XX	YY	XX	XX	XX	XX	XX	YY	YY	XX	XX	YY	YY	YY	YY	YY	XX	XX	XX	YY	XX	YY	YY	YY	YY	XX	YY	YY	XX	YY	XX	YY	XX	YY	XX	No Call	YY	YY	YY	YY	No Call	XX	YY	XX	YY	XX	YY	YY	XX	XX	XX	YY	No Call	XX	YY	XX	XX	XX	XX	XX	XX	XX
CMUW10X09H_0079	YY	XX	YY	XX	XX	YY	XX	XX	XX	YY	XX	YY	YY	YY	YY	No Call	XX	YY	YY	XX	YY	YY	YY	YY	YY	XX	XX	XX	YY	XX	XX	No Call	XX	No Call	YY	XX	XX	XX	XX	YY	XX	YY	YY	XX	YY	YY	YY	YY	YY	YY	XX	XX	YY	YY	XX	YY	YY	YY	YY	XX	XX	YY	XX	YY	XX	YY	XX	YY	XX	No Call	YY	YY	YY	YY	No Call	XX	YY	XX	YY	XX	YY	YY	XX	XX	XX	YY	No Call	XX	YY	YY	XX	XX	YY	XX	XX	XX
CMUW10X09H_0087	YY	XX	XX	XX	YY	XX	XX	XX	XX	YY	XX	YY	YY	YY	YY	No Call	XX	YY	XX	YY	XX	XX	YY	YY	YY	XX	XX	YY	YY	XX	XX	No Call	XX	No Call	XX	XX	XX	XX	XX	YY	XX	YY	YY	XX	YY	YY	YY	YY	YY	YY	XX	XX	YY	YY	XX	YY	YY	YY	YY	XX	XX	XX	YY	YY	XX	YY	XX	YY	XX	No Call	YY	YY	YY	YY	No Call	XX	YY	XX	YY	XX	YY	XX	XX	XX	XX	YY	No Call	XX	YY	XX	XX	XX	XX	XX	XX	XX
CMUW10X09H_0095	YY	XX	YX	YX	YY	XX	XX	XX	XX	YY	XX	YY	XX	YY	YY	No Call	XX	YY	XX	YY	YX	XX	YY	YY	YY	XX	XX	XX	YX	YY	XX	No Call	XX	No Call	XX	XX	XX	XX	XX	YX	XX	YX	YY	XX	XX	YY	YY	YY	YY	YY	XX	XX	XX	YX	XX	YY	YX	YX	YY	XX	YX	XX	YY	YX	XX	YY	XX	YY	XX	No Call	YY	YY	YY	YY	No Call	XX	YY	YY	YX	XX	YY	YX	YX	XX	XX	YY	No Call	XX	YY	YX	XX	XX	YY	XX	YX	XX
CMUW10X09H_0008	YY	XX	XX	XX	XX	YY	XX	XX	XX	YY	XX	YY	XX	YY	YY	No Call	XX	YY	YY	XX	YY	YY	YY	YY	YY	XX	XX	XX	YY	XX	XX	No Call	XX	No Call	YY	YY	XX	XX	XX	XX	XX	YY	XX	XX	YY	YY	YY	YY	YY	YY	XX	XX	YY	YY	XX	YY	YY	YY	YY	XX	XX	YY	XX	YY	XX	YY	XX	YY	XX	No Call	YY	YY	YY	YY	No Call	XX	YY	XX	YY	XX	YY	XX	XX	XX	XX	YY	No Call	XX	YY	XX	XX	XX	YY	XX	XX	XX
CMUW10X09H_0016	YY	XX	YY	XX	XX	YY	XX	XX	XX	YY	XX	YY	YY	YY	YY	No Call	XX	YY	YY	XX	XX	XX	YY	YY	YY	XX	XX	YY	YY	YY	XX	No Call	XX	No Call	YY	XX	XX	XX	XX	YY	XX	YY	YY	XX	XX	YY	YY	YY	YY	YY	XX	XX	YY	YY	XX	YY	YY	YY	YY	XX	YY	YY	XX	YY	XX	YY	XX	YY	XX	No Call	YY	YY	YY	YY	No Call	XX	YY	XX	YY	XX	YY	XX	XX	XX	XX	YY	No Call	XX	YY	XX	XX	XX	YY	XX	XX	XX
CMUW10X09H_0024	YY	XX	YY	XX	YY	XX	XX	XX	XX	YY	XX	YY	XX	YY	YY	No Call	XX	YY	XX	YY	XX	XX	YY	YY	YY	XX	XX	XX	YY	YY	XX	No Call	XX	No Call	XX	YY	XX	XX	XX	XX	XX	YY	YY	XX	XX	YY	YY	YY	YY	YY	XX	XX	YY	YY	XX	YY	YY	YY	YY	XX	XX	XX	YY	YY	XX	XX	XX	YY	XX	No Call	YY	YY	YY	YY	No Call	XX	YY	YY	YY	XX	YY	YY	XX	XX	XX	YY	No Call	XX	YY	XX	XX	XX	YY	XX	XX	XX
CMUW10X09H_0032	YY	XX	YY	XX	YY	XX	XX	XX	XX	YY	XX	YY	XX	YY	YY	No Call	XX	YY	YY	XX	XX	XX	YY	YY	YY	XX	XX	XX	YY	XX	XX	No Call	XX	No Call	XX	YY	XX	XX	XX	XX	XX	YY	YY	XX	XX	YY	YY	YY	YY	YY	XX	XX	YY	YY	XX	YY	YY	YY	YY	XX	YY	XX	YY	YY	XX	YY	XX	YY	XX	No Call	YY	YY	YY	YY	No Call	XX	YY	XX	YY	XX	YY	YY	XX	XX	XX	YY	No Call	XX	YY	XX	XX	XX	XX	XX	XX	XX
CMUW10X09H_0040	YY	XX	YY	XX	YY	XX	XX	XX	XX	YY	XX	YY	XX	YY	YY	No Call	XX	YY	YY	XX	YY	YY	YY	YY	YY	XX	XX	YY	YY	XX	XX	No Call	XX	No Call	YY	XX	XX	XX	XX	XX	XX	YY	XX	XX	XX	YY	YY	YY	YY	YY	XX	XX	XX	YY	XX	YY	YY	YY	YY	XX	YY	XX	YY	YY	XX	YY	XX	YY	XX	No Call	YY	YY	YY	YY	No Call	XX	YY	XX	YY	XX	YY	YY	XX	XX	XX	YY	No Call	XX	YY	YY	XX	XX	XX	XX	XX	XX
CMUW10X09H_0048	YY	XX	XX	XX	YY	No Call	XX	XX	XX	YY	XX	YY	XX	YY	YY	No Call	XX	YX	YX	XX	XX	YY	YX	YX	YY	No Call	XX	XX	YY	YX	XX	No Call	XX	No Call	XX	YY	XX	XX	XX	YX	XX	YX	YX	XX	XX	YY	YY	YY	YY	YY	XX	XX	YX	YY	XX	YY	YY	YY	YY	XX	YY	YY	XX	YY	XX	YX	XX	YX	XX	No Call	YY	YX	YY	YY	No Call	XX	YY	XX	YY	XX	YY	YX	YX	XX	XX	YY	No Call	XX	YX	XX	XX	XX	YY	YX	XX	XX
CMUW10X09H_0056	YY	XX	YY	XX	YY	XX	XX	XX	XX	YY	XX	YY	XX	YY	YY	No Call	XX	YY	XX	YY	YY	XX	YY	YY	YY	XX	XX	YY	YY	YY	XX	No Call	XX	No Call	YY	YY	XX	XX	XX	YY	XX	YY	XX	XX	XX	YY	YY	YY	YY	YY	XX	XX	XX	YY	XX	YY	YY	YY	YY	XX	XX	XX	YY	YY	XX	XX	XX	YY	XX	No Call	YY	YY	YY	YY	No Call	XX	YY	YY	YY	XX	YY	YY	XX	XX	XX	YY	No Call	XX	YY	XX	XX	XX	YY	XX	XX	XX
CMUW10X09H_0064	YY	XX	YY	XX	YY	XX	XX	XX	XX	YY	XX	YY	XX	YY	YY	No Call	XX	YY	XX	YY	XX	YY	YY	YY	YY	XX	XX	YY	YY	YY	XX	No Call	XX	No Call	YY	YY	XX	XX	XX	YY	XX	YY	YY	XX	YY	YY	YY	YY	YY	YY	XX	XX	XX	YY	XX	YY	YY	YY	YY	XX	XX	XX	YY	YY	XX	YY	XX	YY	XX	No Call	YY	YY	YY	YY	No Call	XX	YY	XX	YY	XX	YY	XX	XX	XX	XX	YY	No Call	XX	YY	YY	XX	XX	XX	XX	XX	XX
CMUW10X09H_0072	YY	XX	XX	XX	XX	YY	XX	XX	XX	YY	XX	YY	YY	YY	YY	No Call	XX	YY	XX	YY	XX	YY	YY	YY	YY	XX	XX	XX	YY	XX	XX	No Call	XX	No Call	XX	YY	XX	XX	XX	YY	XX	YY	YY	XX	YY	YY	YY	YY	YY	YY	XX	XX	XX	YY	XX	YY	YY	YY	YY	XX	XX	XX	YY	YY	XX	XX	XX	YY	XX	No Call	YY	YY	YY	YY	No Call	XX	YY	YY	YY	XX	YY	XX	XX	XX	XX	YY	No Call	XX	YY	XX	XX	XX	YY	XX	XX	XX
CMUW10X09H_0080	YY	XX	XX	XX	YY	XX	XX	XX	XX	YY	XX	YY	XX	YY	YY	No Call	XX	YY	XX	YY	YY	XX	YY	YY	YY	XX	XX	YY	YY	XX	XX	No Call	XX	No Call	YY	XX	XX	XX	XX	XX	XX	YY	XX	XX	XX	YY	YY	YY	YY	YY	XX	XX	YY	YY	XX	YY	YY	YY	YY	XX	XX	XX	YY	YY	XX	YY	XX	YY	XX	No Call	YY	YY	YY	YY	No Call	XX	YY	XX	YY	XX	YY	XX	XX	XX	XX	YY	No Call	XX	YY	XX	XX	XX	YY	XX	XX	XX
CMUW10X09H_0088	YY	XX	XX	YX	YY	XX	XX	YX	XX	YY	XX	YX	XX	YX	YY	No Call	XX	YY	YX	YX	YX	YX	YX	YY	YY	XX	XX	YX	YX	YY	XX	No Call	XX	No Call	YY	YX	XX	XX	XX	YY	XX	YX	YY	XX	XX	YY	YY	YY	YY	YY	XX	XX	XX	YX	XX	YY	YX	YY	YY	XX	YY	XX	YY	YX	XX	YX	XX	YY	XX	No Call	YY	YY	YY	YX	No Call	XX	YY	YX	YX	XX	YY	YX	YX	XX	XX	YY	No Call	XX	YY	YX	XX	XX	YY	XX	YX	XX
CMUW10X09H_0096	YY	XX	XX	XX	XX	YY	XX	XX	XX	YY	XX	YY	XX	YY	YY	No Call	XX	YY	YY	XX	XX	XX	YY	YY	YY	XX	XX	YY	YY	XX	XX	No Call	XX	No Call	XX	XX	XX	XX	XX	YY	XX	YY	YY	XX	YY	YY	YY	YY	YY	YY	XX	XX	XX	YY	XX	YY	YY	YY	YY	XX	YY	YY	XX	YY	XX	YY	XX	YY	XX	No Call	YY	YY	YY	YY	No Call	XX	YY	XX	YY	XX	YY	YY	XX	XX	XX	YY	No Call	XX	YY	XX	XX	XX	XX	XX	XX	XX
